{
    "name": "Java 17 Spring Boot Dev Container",
    "image": "mcr.microsoft.com/devcontainers/java:17",
    "customizations": {
        "vscode": {
            "settings": {
                "java.configuration.runtimes": [
                    {
                        "name": "JavaSE-17",
                        "path": "/docker-java-home",
                        "default": true
                    }
                ],
                "java.compile.nullAnalysis.mode": "automatic",
                "java.format.enabled": true,
                "editor.formatOnSave": true,
                "editor.codeActionsOnSave": {
                    "source.organizeImports": true
                }
            },
            "extensions": [
                "vscjava.vscode-java-pack",
                "pivotal.vscode-spring-boot",
                "vscjava.vscode-spring-initializr",
                "vscjava.vscode-maven",
                "dbaeumer.vscode-eslint"
            ]
        }
    },
    "features": {},
    "forwardPorts": [
        8080,
        8090,
        8761,
        8888,
        3306
    ],
    "postCreateCommand": "mvn clean install -DskipTests",
    "remoteUser": "vscode"
}